guestbook_top,guestbook_src,sqlite3_src,crow_src
0.1.0,1,3.47.2,0.0.1
0.1.1,1,3.47.99,0.0.1
0.1.2,1,3.47.2,0.1.0
0.1.3,1,3.47.99,0.1.0
0.1.4,1,3.47.2,0.2.0
0.1.5,1,3.47.99,0.2.0
0.1.6,1,3.47.2,1.0.0
0.1.7,1,3.47.99,1.0.0
0.2.0,2,3.47.2,0.0.1
0.2.1,2,3.47.99,0.0.1
0.2.2,2,3.47.2,0.1.0
0.2.3,2,3.47.99,0.1.0
0.2.4,2,3.47.2,0.2.0
0.2.5,2,3.47.99,0.2.0
0.2.6,2,3.47.2,1.0.0
0.2.7,2,3.47.99,1.0.0
0.3.0,3,3.47.2,0.0.1
0.3.1,3,3.47.99,0.0.1
0.3.2,3,3.47.2,0.1.0
0.3.3,3,3.47.99,0.1.0
0.3.4,3,3.47.2,0.2.0
0.3.5,3,3.47.99,0.2.0
0.3.6,3,3.47.2,1.0.0
0.3.7,3,3.47.99,1.0.0
0.4.0,4,3.47.2,0.0.1
0.4.1,4,3.47.99,0.0.1
0.4.2,4,3.47.2,0.1.0
0.4.3,4,3.47.99,0.1.0
0.4.4,4,3.47.2,0.2.0
0.4.5,4,3.47.99,0.2.0
0.4.6,4,3.47.2,1.0.0
0.4.7,4,3.47.99,1.0.0
0.5.0,5,3.47.2,0.0.1
0.5.1,5,3.47.99,0.0.1
0.5.2,5,3.47.2,0.1.0
0.5.3,5,3.47.99,0.1.0
0.5.4,5,3.47.2,0.2.0
0.5.5,5,3.47.99,0.2.0
0.5.6,5,3.47.2,1.0.0
0.5.7,5,3.47.99,1.0.0
0.6.0,6,3.47.2,0.0.1
0.6.1,6,3.47.99,0.0.1
0.6.2,6,3.47.2,0.1.0
0.6.3,6,3.47.99,0.1.0
0.6.4,6,3.47.2,0.2.0
0.6.5,6,3.47.99,0.2.0
0.6.6,6,3.47.2,1.0.0
0.6.7,6,3.47.99,1.0.0
0.7.0,7,3.47.2,0.0.1
0.7.1,7,3.47.99,0.0.1
0.7.2,7,3.47.2,0.1.0
0.7.3,7,3.47.99,0.1.0
0.7.4,7,3.47.2,0.2.0
0.7.5,7,3.47.99,0.2.0
0.7.6,7,3.47.2,1.0.0
0.7.7,7,3.47.99,1.0.0
0.8.0,8,3.47.2,0.0.1
0.8.1,8,3.47.99,0.0.1
0.8.2,8,3.47.2,0.1.0
0.8.3,8,3.47.99,0.1.0
0.8.4,8,3.47.2,0.2.0
0.8.5,8,3.47.99,0.2.0
0.8.6,8,3.47.2,1.0.0
0.8.7,8,3.47.99,1.0.0
0.9.0,9,3.47.2,0.0.1
0.9.1,9,3.47.99,0.0.1
0.9.2,9,3.47.2,0.1.0
0.9.3,9,3.47.99,0.1.0
0.9.4,9,3.47.2,0.2.0
0.9.5,9,3.47.99,0.2.0
0.9.6,9,3.47.2,1.0.0
0.9.7,9,3.47.99,1.0.0
0.10.0,10,3.47.2,0.0.1
0.10.1,10,3.47.99,0.0.1
0.10.2,10,3.47.2,0.1.0
0.10.3,10,3.47.99,0.1.0
0.10.4,10,3.47.2,0.2.0
0.10.5,10,3.47.99,0.2.0
0.10.6,10,3.47.2,1.0.0
0.10.7,10,3.47.99,1.0.0
0.11.0,11,3.47.2,0.0.1
0.11.1,11,3.47.99,0.0.1
0.11.2,11,3.47.2,0.1.0
0.11.3,11,3.47.99,0.1.0
0.11.4,11,3.47.2,0.2.0
0.11.5,11,3.47.99,0.2.0
0.11.6,11,3.47.2,1.0.0
0.11.7,11,3.47.99,1.0.0
0.12.0,12,3.47.2,0.0.1
0.12.1,12,3.47.99,0.0.1
0.12.2,12,3.47.2,0.1.0
0.12.3,12,3.47.99,0.1.0
0.12.4,12,3.47.2,0.2.0
0.12.5,12,3.47.99,0.2.0
0.12.6,12,3.47.2,1.0.0
0.12.7,12,3.47.99,1.0.0
0.13.0,13,3.47.2,0.0.1
0.13.1,13,3.47.99,0.0.1
0.13.2,13,3.47.2,0.1.0
0.13.3,13,3.47.99,0.1.0
0.13.4,13,3.47.2,0.2.0
0.13.5,13,3.47.99,0.2.0
0.13.6,13,3.47.2,1.0.0
0.13.7,13,3.47.99,1.0.0
0.14.0,14,3.47.2,0.0.1
0.14.1,14,3.47.99,0.0.1
0.14.2,14,3.47.2,0.1.0
0.14.3,14,3.47.99,0.1.0
0.14.4,14,3.47.2,0.2.0
0.14.5,14,3.47.99,0.2.0
0.14.6,14,3.47.2,1.0.0
0.14.7,14,3.47.99,1.0.0
0.15.0,15,3.47.2,0.0.1
0.15.1,15,3.47.99,0.0.1
0.15.2,15,3.47.2,0.1.0
0.15.3,15,3.47.99,0.1.0
0.15.4,15,3.47.2,0.2.0
0.15.5,15,3.47.99,0.2.0
0.15.6,15,3.47.2,1.0.0
0.15.7,15,3.47.99,1.0.0
0.16.0,16,3.47.2,0.0.1
0.16.1,16,3.47.99,0.0.1
0.16.2,16,3.47.2,0.1.0
0.16.3,16,3.47.99,0.1.0
0.16.4,16,3.47.2,0.2.0
0.16.5,16,3.47.99,0.2.0
0.16.6,16,3.47.2,1.0.0
0.16.7,16,3.47.99,1.0.0
